Description,,Summary Amt.
Beginning balance as of 01/01/2026,,"1,000.00"
Total credits,,"2,500.25"
Total debits,,"-323.35"
Ending balance as of 01/31/2026,,"3,176.90"

Date,Description,Amount,Running Bal.
01/01/2026,Beginning balance as of 01/01/2026,,"1,000.00"
01/02/2026,"EXAMPLE CORP DES:PAYROLL ID:XXXXX12345 INDN:JANE DOE CO ID:XXXXX99999 PPD","2,500.00","3,500.00"
01/03/2026,"APPLECARD GSBANK DES:PAYMENT ID:0000111 INDN:JANE DOE CO ID:9999 WEB","-200.00","3,300.00"
01/05/2026,"Zelle payment to SAMPLE PERSON Conf# abc123","-75.00","3,225.00"
01/05/2026,"CHECKCARD 0104 CORNER CAFE, ANYTOWN ST 24445006004000000000001","-4.50","3,220.50"
01/05/2026,"CHECKCARD 0104 CORNER CAFE, ANYTOWN ST 24445006004000000000001","-4.50","3,216.00"
01/20/2026,"UTILITY CO DES:PAYMENT ID:77 INDN:JANE DOE CO ID:88 WEB","-27.35","3,188.65"
01/28/2026,"Monthly Maintenance Fee","-12.00","3,176.65"
01/31/2026,"Interest Earned","0.25","3,176.90"
